student_pass,first_name,last_name,email,gender
rO8?'<8h)S,Marina,Hoolaghan,mhoolaghan0@cbc.ca,Female
tF1$0`iOA}HV&XEn,Angeli,Dyer,adyer1@surveymonkey.com,Male
oF0<yAVW,Misti,Stracey,mstracey2@hud.gov,Female
lI5'>ElXWFq>FWq,Yoshiko,Hayne,yhayne3@census.gov,Genderfluid
kS9\Pm`G>j#,Christoffer,Barnsley,cbarnsley4@sciencedaily.com,Male
"cZ9@Sz,!gGB)",Torre,MacLoughlin,tmacloughlin5@amazon.co.uk,Male
nY6#\rRf,Norman,Lazar,nlazar6@twitter.com,Male
"wC0<,NiX$Z8)",Gerick,Veltman,gveltman7@hud.gov,Male
xO0<sNEO(Rl>,Ardis,Boothby,aboothby8@berkeley.edu,Female
"rS1_""fW2X+",Georgiana,Bessett,gbessett9@networkadvertising.org,Non-binary
kX4/CV}UUw|.\s|,Corry,Gaul,cgaula@squidoo.com,Female
"zK6>""LIQ9Z)uwc",Mabel,Smitheram,msmitheramb@nih.gov,Female
tJ5+fuQxS8Bv,Davine,Balls,dballsc@telegraph.co.uk,Female
tA7+rR\fl,Bo,Kmiec,bkmiecd@livejournal.com,Male
"gF9'pm""a9*K`URe",Kermie,Delaney,kdelaneye@wikispaces.com,Male
cQ4!xdT=@)>S,Moselle,Batie,mbatief@discovery.com,Agender
pJ7)c0Z|0Fe+o|m*,Franciskus,Fitzsimon,ffitzsimong@wordpress.org,Male
qU0)Qm>vO&fWO,Torey,Elgar,telgarh@list-manage.com,Female
mF3_0wi.2cN%fH4Z,Brittani,Pawfoot,bpawfooti@google.es,Female
wL8'}w/%@M|?,Lurlene,Bazley,lbazleyj@flickr.com,Female
mB9_DwTP,Delaney,Trevascus,dtrevascusk@berkeley.edu,Male
"jD0=3P""l",Jameson,Black,jblackl@lulu.com,Male
rS2(lPxg!A*H0,Rosabella,Pentony,rpentonym@instagram.com,Female
fW4{\ZC@/\d,Happy,Mainstone,hmainstonen@sbwire.com,Female
"lL7"")H0mUekJosz",Sayre,Deeming,sdeemingo@plala.or.jp,Male
nX3+8(T?6*$,Donavon,Castellaccio,dcastellacciop@fotki.com,Male
cG5)0*F>q?!{y*{k,Casar,Herrieven,cherrievenq@arizona.edu,Male
"zW1@7>WAh,L.",Veronica,Skippings,vskippingsr@icio.us,Female
pP3`Gk&t@W5R<isu,Ilario,Cadwallader,icadwalladers@utexas.edu,Male
oS0%S2ZC,Marcos,Adrain,madraint@google.ca,Male
fQ6\F}V{'))is9I),Rochelle,Benini,rbeniniu@soup.io,Female
oL3{jj\9\VQ,Yelena,Goncaves,ygoncavesv@bbb.org,Female
aB2*CWSk!AR,Arnuad,Buchett,abuchettw@surveymonkey.com,Male
qY9+C%Z7,Katey,Firmager,kfirmagerx@jimdo.com,Female
jL1_2u@ko_LRw=}m,Tory,Binny,tbinnyy@slate.com,Female
qR0?m.SnIUpfX7Z,Edi,Woolam,ewoolamz@dailymail.co.uk,Female
"cJ4$!2M}W%J,E",Derry,Deveril,ddeveril10@va.gov,Male
xN0.T`{3g,Stafani,Pell,spell11@nymag.com,Female
"xJ0_s6j,V\S",Maryrose,Gillino,mgillino12@nih.gov,Female
jG9$FA.ZSKEo.%,Holden,Flooks,hflooks13@chicagotribune.com,Male
"qC0>3SU/SW4,fL""",Ebonee,Maggiori,emaggiori14@independent.co.uk,Genderqueer
"sA9(x""}NjG\P",Sarge,Blackborn,sblackborn15@sciencedaily.com,Male
hP6(wko*,Randy,Mengue,rmengue16@yellowbook.com,Male
aT4)vLqWsB=v,Kelley,Ghio,kghio17@spiegel.de,Non-binary
jI5~jk6rn<EIG',Garfield,Fantham,gfantham18@samsung.com,Male
lG9%K<Ra<{V$B,Charlotte,Jepps,cjepps19@theguardian.com,Female
"sM2_M4A0uZsB$3y""",Germain,Martyns,gmartyns1a@angelfire.com,Female
fT1`/RS}H8Z=&,Chick,Ahlf,cahlf1b@blinklist.com,Male
mN6%v$9\?T1IuV{,Modesta,Marcone,mmarcone1c@nps.gov,Female
wI7_VI8}2UC,Esteban,Kinnach,ekinnach1d@yelp.com,Male
bV0/Qde=Ty,Jackelyn,Traut,jtraut1e@senate.gov,Female
hM0|nroYpCB!RJhz,Sheba,Muriel,smuriel1f@hc360.com,Female
aC2)~fbos3ZWEqn,Kimble,Dashkovich,kdashkovich1g@theguardian.com,Male
"jH4=H%jgkt""$DR(",Zacharia,Purves,zpurves1h@mayoclinic.com,Male
kP9\PeFA/=W3_#yL,Allen,Hayto,ahayto1i@list-manage.com,Male
"oL6&kO,_oya1g9{2",Shara,McBride,smcbride1j@china.com.cn,Female
"yE6&!_S07%,h?!uN",Mathias,Rein,mrein1k@webeden.co.uk,Bigender
hG3&@Vij,Jack,Abella,jabella1l@fotki.com,Male
oM1}F9}>HSG=?,Genny,Shrimpton,gshrimpton1m@facebook.com,Female
zS3)VszE.4,Brooke,Girk,bgirk1n@xinhuanet.com,Genderfluid
dV2~ulFm,Broderick,Corbett,bcorbett1o@eventbrite.com,Male
uO1?6|aqd6Ctr,Sonnnie,Alldread,salldread1p@storify.com,Female
jR4/C#g8?,Dare,Aindrais,daindrais1q@bloglovin.com,Male
eS2<OcoiQjM,Jerome,Coverley,jcoverley1r@loc.gov,Male
rD8>2Yy(hq,Kari,Crebott,kcrebott1s@deliciousdays.com,Female
"qM8""O<h$+g$(f6",Zared,Jovicic,zjovicic1t@nydailynews.com,Male
"lK1(uJT""OrA_uLv",Barn,Munning,bmunning1u@hostgator.com,Male
"vE8""w5Ds{XR",Yoshi,Van Daalen,yvandaalen1v@disqus.com,Female
kH0'C=H?4j=m!ur,Ichabod,Seamon,iseamon1w@example.com,Male
sF4$K2W1k(,Karen,Hanford,khanford1x@technorati.com,Female
gG9.}{6M,Jeramey,Burnham,jburnham1y@a8.net,Agender
sA9>I&GN=zHd!,Marjory,Yelden,myelden1z@amazon.de,Female
oM0}dDJFDf,Donnamarie,Doody,ddoody20@wisc.edu,Female
tM9%#Rd/Uw8?J,Garreth,Szach,gszach21@canalblog.com,Male
fO4)2`C5/xQ,Rolf,Verryan,rverryan22@elpais.com,Male
aB3}`@6+\3e(?X,Georgi,Manford,gmanford23@e-recht24.de,Male
hS2$oxCkD?uE=,Jannelle,De Hooch,jdehooch24@wikipedia.org,Female
wY4)>>P!+nH%9?AF,Kayne,Armsden,karmsden25@ed.gov,Male
hB4?AsewX,Wilek,Greenstock,wgreenstock26@wiley.com,Male
bQ8(WvPsyFa,Juli,Tonkin,jtonkin27@virginia.edu,Female
sH4\BAh<!o7vG{~,Efrem,Blackey,eblackey28@csmonitor.com,Polygender
"bB3|+n""0v)",Alair,Ferraraccio,aferraraccio29@skype.com,Male
dM4}E=24>,Jaime,Seargeant,jseargeant2a@businesswire.com,Male
"uQ7.A8ds`,&Qd.+",Tonia,McRoberts,tmcroberts2b@cnbc.com,Female
gH6`>&<+R,Kaja,D'Orsay,kdorsay2c@aol.com,Female
